{"accuracy": [0.5280689001083374, 0.5792509317398071, 0.6106643080711365, 0.6327890157699585, 0.6425921320915222, 0.6502288579940796, 0.6581634283065796, 0.6626587510108948, 0.6703225374221802, 0.6747637391090393], "dice_coefficient": [0.5191535353660583, 0.5317639112472534, 0.5434779524803162, 0.5534238219261169, 0.5620318651199341, 0.5676499009132385, 0.5739110708236694, 0.5772402286529541, 0.5820112824440002, 0.5847735404968262], "loss": [0.6951839923858643, 0.6749447584152222, 0.6585445404052734, 0.6456214785575867, 0.6355410814285278, 0.6282594203948975, 0.621484637260437, 0.6169346570968628, 0.6110135912895203, 0.607937216758728], "precision_1": [0.5475571751594543, 0.5998373627662659, 0.6344456076622009, 0.6578008532524109, 0.668043315410614, 0.6784016489982605, 0.6854444146156311, 0.6920324563980103, 0.6999659538269043, 0.7022327184677124], "recall_1": [0.5370447635650635, 0.5756503939628601, 0.5945369601249695, 0.6137877106666565, 0.6227887868881226, 0.6236212253570557, 0.6343392133712769, 0.6340270638465881, 0.641623318195343, 0.6513007283210754], "val_accuracy": [0.5638077855110168, 0.6077766418457031, 0.6203316450119019, 0.6212322115898132, 0.628807544708252, 0.636859655380249, 0.6369656324386597, 0.6367007493972778, 0.6443820595741272, 0.6477194428443909], "val_dice_coefficient": [0.5169334411621094, 0.5288392901420593, 0.5322554111480713, 0.527792751789093, 0.532524585723877, 0.5495123863220215, 0.5414363145828247, 0.5413546562194824, 0.5486290454864502, 0.5550968050956726], "val_loss": [0.6845144033432007, 0.6694095730781555, 0.6602581143379211, 0.6580171585083008, 0.6526424288749695, 0.6444077491760254, 0.6455956101417542, 0.645237922668457, 0.639930784702301, 0.6365087628364563], "val_precision_1": [0.6043646931648254, 0.6405459642410278, 0.6680747270584106, 0.7002575993537903, 0.7061260938644409, 0.6820322275161743, 0.7073342800140381, 0.7124041318893433, 0.708841860294342, 0.7041704654693604], "val_recall_1": [0.46094149351119995, 0.5559073090553284, 0.5329316854476929, 0.4718676507472992, 0.48728683590888977, 0.5620341300964355, 0.5121004581451416, 0.5026038885116577, 0.5337485671043396, 0.5534565448760986]}